{
  "batches": {
    "10": {
      "concurrency": 10,
      "qps": 0.08122665800967054,
      "prompt_tps": {
        "avg": 789.2956812115705,
        "max": 789.2956812115705,
        "p50": 789.2956812115705,
        "p95": 789.2956812115705
      },
      "decode_tps": {
        "avg": 35.61788953724053,
        "max": 35.61788953724053,
        "p50": 35.61788953724053,
        "p95": 35.61788953724053
      },
      "ttft_ms": {
        "avg": 20492.254802101525,
        "max": 20492.254802101525,
        "p50": 20492.254802101525,
        "p95": 20492.254802101525
      },
      "e2e_ms": {
        "avg": 70064.52724640258,
        "max": 70064.52724640258,
        "p50": 70064.52724640258,
        "p95": 70064.52724640258
      },
      "tpot_ms": {
        "avg": 117.56059507416953,
        "max": 117.56059507416953,
        "p50": 117.56059507416953,
        "p95": 117.56059507416953
      },
      "wall_time_s": null
    },
    "40": {
      "concurrency": 40,
      "qps": 0.11508256176856868,
      "prompt_tps": {
        "avg": 1134.6478865650702,
        "max": 1134.6478865650702,
        "p50": 1134.6478865650702,
        "p95": 1134.6478865650702
      },
      "decode_tps": {
        "avg": 53.40118572466008,
        "max": 53.40118572466008,
        "p50": 53.40118572466008,
        "p95": 53.40118572466008
      },
      "ttft_ms": {
        "avg": 125127.1306745748,
        "max": 125127.1306745748,
        "p50": 125127.1306745748,
        "p95": 125127.1306745748
      },
      "e2e_ms": {
        "avg": 178432.4163844245,
        "max": 178432.4163844245,
        "p50": 178432.4163844245,
        "p95": 178432.4163844245
      },
      "tpot_ms": {
        "avg": 113.83018051090818,
        "max": 113.83018051090818,
        "p50": 113.83018051090818,
        "p95": 113.83018051090818
      },
      "wall_time_s": null
    },
    "200": {
      "concurrency": 200,
      "qps": 0.11142289779364775,
      "prompt_tps": {
        "avg": 1148.8876274096806,
        "max": 1148.8876274096806,
        "p50": 1148.8876274096806,
        "p95": 1148.8876274096806
      },
      "decode_tps": {
        "avg": 55.58108410640531,
        "max": 55.58108410640531,
        "p50": 55.58108410640531,
        "p95": 55.58108410640531
      },
      "ttft_ms": {
        "avg": 818502.3120599606,
        "max": 818502.3120599606,
        "p50": 818502.3120599606,
        "p95": 818502.3120599606
      },
      "e2e_ms": {
        "avg": 880512.758871691,
        "max": 880512.758871691,
        "p50": 880512.758871691,
        "p95": 880512.758871691
      },
      "tpot_ms": {
        "avg": 138.8841759131537,
        "max": 138.8841759131537,
        "p50": 138.8841759131537,
        "p95": 138.8841759131537
      },
      "wall_time_s": null
    }
  },
  "engine": {
    "name": "sglang",
    "version": "0.5.6.post2"
  },
  "engine_args": {
    "context_length": 21128
  },
  "gpu": "NVIDIA RTX Pro 6000 Blackwell DC-4-96Q, 580.105.08",
  "in_tokens": 20000,
  "out_tokens": 1000,
  "model": "genovalabs/Qwen2.5-72B-Instruct-fp8-dynamic",
  "quantization": "fp8",
  "timestamp": "2025-12-18T16:23:59+08:00",
  "source": "sglang.bench_serving"
}
