{
  "batches": {
    "10": {
      "concurrency": 10,
      "qps": 0.5321895812877712,
      "prompt_tps": {
        "avg": 2005.716093957352,
        "max": 2005.716093957352,
        "p50": 2005.716093957352,
        "p95": 2005.716093957352
      },
      "decode_tps": {
        "avg": 193.2912559237185,
        "max": 193.2912559237185,
        "p50": 193.2912559237185,
        "p95": 193.2912559237185
      },
      "ttft_ms": {
        "avg": 1624.730314000044,
        "max": 1624.730314000044,
        "p50": 1624.730314000044,
        "p95": 1624.730314000044
      },
      "e2e_ms": {
        "avg": 11627.490970600775,
        "max": 11627.490970600775,
        "p50": 11627.490970600775,
        "p95": 11627.490970600775
      },
      "tpot_ms": {
        "avg": 29.143222050192524,
        "max": 29.143222050192524,
        "p50": 29.143222050192524,
        "p95": 29.143222050192524
      },
      "wall_time_s": null
    },
    "40": {
      "concurrency": 40,
      "qps": 1.2014860875155877,
      "prompt_tps": {
        "avg": 5321.381881606538,
        "max": 5321.381881606538,
        "p50": 5321.381881606538,
        "p95": 5321.381881606538
      },
      "decode_tps": {
        "avg": 464.2241870638352,
        "max": 464.2241870638352,
        "p50": 464.2241870638352,
        "p95": 464.2241870638352
      },
      "ttft_ms": {
        "avg": 5709.358249424258,
        "max": 5709.358249424258,
        "p50": 5709.358249424258,
        "p95": 5709.358249424258
      },
      "e2e_ms": {
        "avg": 23091.384073624613,
        "max": 23091.384073624613,
        "p50": 23091.384073624613,
        "p95": 23091.384073624613
      },
      "tpot_ms": {
        "avg": 85.77967255771871,
        "max": 85.77967255771871,
        "p50": 85.77967255771871,
        "p95": 85.77967255771871
      },
      "wall_time_s": null
    },
    "200": {
      "concurrency": 200,
      "qps": 1.633678779915958,
      "prompt_tps": {
        "avg": 7486.921133325647,
        "max": 7486.921133325647,
        "p50": 7486.921133325647,
        "p95": 7486.921133325647
      },
      "decode_tps": {
        "avg": 700.4561136767661,
        "max": 700.4561136767661,
        "p50": 700.4561136767661,
        "p95": 700.4561136767661
      },
      "ttft_ms": {
        "avg": 34816.73576550991,
        "max": 34816.73576550991,
        "p50": 34816.73576550991,
        "p95": 34816.73576550991
      },
      "e2e_ms": {
        "avg": 81231.5922652198,
        "max": 81231.5922652198,
        "p50": 81231.5922652198,
        "p95": 81231.5922652198
      },
      "tpot_ms": {
        "avg": 118.18189218742906,
        "max": 118.18189218742906,
        "p50": 118.18189218742906,
        "p95": 118.18189218742906
      },
      "wall_time_s": null
    }
  },
  "engine": {
    "name": "sglang",
    "version": "0.5.6.post2"
  },
  "engine_args": {
    "context_length": 10928
  },
  "gpu": "NVIDIA RTX Pro 6000 Blackwell DC-4-96Q, 98304 MiB, 580.105.08",
  "in_tokens": 10000,
  "out_tokens": 800,
  "model": "Qwen/Qwen3-14B-FP8",
  "quantization": "fp8",
  "timestamp": "2025-12-18 10:39:40 CST",
  "source": "sglang.bench_serving"
}
